# fixture	category	expected diagnostic
Tests/ExpectedFailure/ResourcePortsCannotBePermuted.lean.fail	dependent-type	but is expected to have type
Tests/ExpectedFailure/PrivateConstitutiveNormalizerCertificate.lean.fail	privacy	Unknown constant `ConstitutiveSearch.EndogenousDecomposition.ConstitutiveNormalizerSuccinctness.mk`
Tests/ExpectedFailure/PrivateConstitutiveExtensiveSeparationCertificate.lean.fail	privacy	Unknown constant `ConstitutiveSearch.EndogenousDecomposition.ConstitutiveExtensiveSeparationCertificate.mk`
Tests/ExpectedFailure/PrivateExecutedCausalNormalization.lean.fail	privacy	Unknown constant `ConstitutiveSearch.EndogenousDecomposition.ExecutedCausalNormalization.mk`
Tests/ExpectedFailure/PrivateExactExecutedOperationalRegime.lean.fail	privacy	Unknown constant `ConstitutiveSearch.EndogenousDecomposition.ExactExecutedOperationalRegime.mk`
Tests/ExpectedFailure/PrivateExecutedStageOperationalProduction.lean.fail	privacy	Unknown constant `ConstitutiveSearch.EndogenousDecomposition.ExecutedStageOperationalProduction.mk`
Tests/ExpectedFailure/DiscoveredTransportCannotReplaceAuthoritativeInstruction.lean.fail	dependent-type	but is expected to have type
Tests/ExpectedFailure/InstructionIgnoringInterpreterCannotMeetSemanticSpecification.lean.fail	semantic-type	Not a definitional equality
Tests/ExpectedFailure/ForeignInstructionProfileCannotBeReused.lean.fail	dependent-type	Not a definitional equality
Tests/ExpectedFailure/RetainedDecisionCannotReplaceTransformedDecision.lean.fail	dependent-type	but is expected to have type
Tests/ExpectedFailure/SourceIgnoringNormalizationCannotSupplyTrace.lean.fail	dependent-type	ExecutedRoleProfileReduction reduction _source (normalization.target chosen)
Tests/ExpectedFailure/PrescribedTargetCannotRecoverTraceAfterwards.lean.fail	dependent-type	ExecutedRoleProfileReduction reduction source prescribed
Tests/ExpectedFailure/IndependentUnitRegimeCannotReplaceExecutedRegime.lean.fail	dependent-type	is not definitionally equal to the right-hand side
Tests/ExpectedFailure/PrivateActionProducedOperationalTarget.lean.fail	privacy	Unknown constant `ConstitutiveSearch.EndogenousDecomposition.ActionProducedOperationalTarget.mk`
Tests/ExpectedFailure/PrivateExactCausalExponentialTarget.lean.fail	privacy	Unknown constant `ConstitutiveSearch.EndogenousDecomposition.ExactCausalExponentialTarget.mk`
Tests/ExpectedFailure/CanonicalSampleCannotPrescribeAction.lean.fail	semantic-type	Type mismatch
Tests/ExpectedFailure/FutureCannotProduceOwnHead.lean.fail	termination	fail to show termination for
Tests/ExpectedFailure/MissingImageConstitution.lean.fail	semantic-type	Type mismatch
Tests/ExpectedFailure/MissingImagePreservation.lean.fail	semantic-type	Type mismatch
Tests/ExpectedFailure/RootCannotReplaceProducedTail.lean.fail	dependent-type	Application type mismatch
Tests/ExpectedFailure/MasterCannotUseUnexecutedHistory.lean.fail	semantic-type	replacement = MasterResources.execute
Tests/ExpectedFailure/MasterCheckpointCannotPrescribeOutput.lean.fail	semantic-type	(master.checkpoint profile).output = prescribed
Tests/ExpectedFailure/AcceptedTargetCannotReplaceProducedOutput.lean.fail	dependent-type	target = retainedExecutedOperationalTargetProfile reduction → List AnswerTarget
