# module	stratum	status	responsibility
SegmentedResidualRole	F	enforced	Primitive residual roles and exact internal realization
AbstractSegmentedTurning	F	enforced	Abstract segmented boundary and turning
ExactTypeTransport	U	enforced	Constructive exact transport between carriers
StrongPerimetralTurning	F	enforced	Strong relational perimeter and affirmative turning
RelationalPerimeter	A9	enforced	Public project facade
RelationalPerimeter.Computation.ConstitutiveGeneration	F	enforced	Free generation and old/fresh occurrences from the perimeter
RelationalPerimeter.Computation.ConstitutiveSearch.AcceptedFrontier	G	enforced	Generic accepted frontier semantics
RelationalPerimeter.Computation.ConstitutiveSearch.AcceptedFrontierNormalization	G	enforced	Generic accepted frontier normalization
RelationalPerimeter.Computation.ConstitutiveSearch.AcceptedFrontierPreservation	G	enforced	Generic preservation under frontier transformations
RelationalPerimeter.Computation.ConstitutiveSearch.AcceptedRelationalTransport	G	enforced	Generic accepted relational action
RelationalPerimeter.Computation.ConstitutiveSearch.AcceptedSplit	G	enforced	Generic accepted binary split
RelationalPerimeter.Computation.ConstitutiveSearch.AcceptingTransport	G	enforced	Generic acceptance-preserving continuation transport
RelationalPerimeter.Computation.ConstitutiveSearch.ClosureSearch	G	enforced	Generic executable closure search
RelationalPerimeter.Computation.ConstitutiveSearch.ComplexityInterface	Q	enforced	Generic event and cost accounting interface
RelationalPerimeter.Computation.ConstitutiveSearch.ConstitutedPrimitivePath	G	enforced	Constituted primitive path and local execution
RelationalPerimeter.Computation.ConstitutiveSearch.ConstitutiveComplexityComposition	Q	enforced	Composition of quantitative profiles
RelationalPerimeter.Computation.ConstitutiveSearch.ConstitutiveComplexityInputPolynomial	Q	enforced	Input-polynomial quantitative bounds
RelationalPerimeter.Computation.ConstitutiveSearch.ConstitutiveComplexityPolynomial	Q	enforced	Polynomial quantitative bounds
RelationalPerimeter.Computation.ConstitutiveSearch.ConstitutiveComplexityProfile	Q	enforced	Generic quantitative profile
RelationalPerimeter.Computation.ConstitutiveSearch.ConstitutiveProjectionNonFactorization	N	enforced	Diagnostic non-factorization through a projection
RelationalPerimeter.Computation.ConstitutiveSearch.ConstitutiveWidth	G	enforced	Generic structural width interface
RelationalPerimeter.Computation.ConstitutiveSearch.ConstructivePrelude	U	enforced	Neutral constructive lemmas
RelationalPerimeter.Computation.ConstitutiveSearch.ContinuationTransport	G	enforced	Generic continuation transport
RelationalPerimeter.Computation.ConstitutiveSearch.ExactOperationalImage	K	enforced	Direct finite image regime computed from operational targets
RelationalPerimeter.Computation.ConstitutiveSearch.EndogenousDecomposition.CausalFoundationBridge	B	enforced	Unique typed bridge from the relational foundation to causal semantic states
RelationalPerimeter.Computation.ConstitutiveSearch.EndogenousDecomposition.CausalConstitutiveExecution	E	enforced	Causal execution state stage and dependent history produced from the relational foundation
RelationalPerimeter.Computation.ConstitutiveSearch.EndogenousDecomposition.CausalOperationalExecution	A5	enforced	Fused authoritative execution producing each stage and its exact local operational decomposition before the dependent tail
RelationalPerimeter.Computation.ConstitutiveSearch.EndogenousDecomposition.ConstitutiveExtensiveSeparation	A7	enforced	One-chain public certificate joining roles profiles program reduction and regime theorems
RelationalPerimeter.Computation.ConstitutiveSearch.EndogenousDecomposition.ConstitutiveFeedback	A0	enforced	Legacy integrated feedback compatibility surface over execution instrumentation and diagnostics
RelationalPerimeter.Computation.ConstitutiveSearch.EndogenousDecomposition.ConstitutiveFullStep	Q	enforced	Legacy quantitatively instrumented full-step execution compatibility surface
RelationalPerimeter.Computation.ConstitutiveSearch.EndogenousDecomposition.ConstitutiveInterface	A0	enforced	Legacy integrated concrete-interface compatibility surface over generated execution
RelationalPerimeter.Computation.ConstitutiveSearch.EndogenousDecomposition.ConstitutiveNormalizerCore	A1	enforced	Legacy normalizer compatibility surface over the integrated feedback run
RelationalPerimeter.Computation.ConstitutiveSearch.EndogenousDecomposition.ConstitutiveNormalizerProgram	A3	enforced	Legacy program interpretation compatibility surface joined to integrated normalizer and reduction views
RelationalPerimeter.Computation.ConstitutiveSearch.EndogenousDecomposition.ConstitutiveNormalizerSuccinctness	A5	enforced	Synthetic public succinctness certificate
RelationalPerimeter.Computation.ConstitutiveSearch.EndogenousDecomposition.ConstitutiveOperationalStage	B	enforced	Concrete foundation-to-search raccord
RelationalPerimeter.Computation.ConstitutiveSearch.EndogenousDecomposition.ConstitutiveResolution	A3	enforced	Mixed terminal assembly
RelationalPerimeter.Computation.ConstitutiveSearch.EndogenousDecomposition.ConstitutiveRoleCycle	A0	enforced	Legacy role-cycle compatibility view over the integrated quantitative full-step run
RelationalPerimeter.Computation.ConstitutiveSearch.EndogenousDecomposition.EndogenousDiscovery	Q	enforced	Legacy quantitatively instrumented endogenous discovery compatibility surface
RelationalPerimeter.Computation.ConstitutiveSearch.EndogenousDecomposition.EndogenousOperationalStability	A4	enforced	Synthetic operational-stability certificate
RelationalPerimeter.Computation.ConstitutiveSearch.EndogenousDecomposition.ExecutedLocalSchedule	A2	enforced	Legacy integrated executed-schedule compatibility surface
RelationalPerimeter.Computation.ConstitutiveSearch.EndogenousDecomposition.ExecutedOperationalReduction	A1	enforced	Legacy operational-reduction compatibility instance over integrated feedback
RelationalPerimeter.Computation.ConstitutiveSearch.EndogenousDecomposition.ExecutedOperationalReductionHistory	A2	enforced	Legacy integrated reduction-history and width-trace compatibility surface
RelationalPerimeter.Computation.ConstitutiveSearch.EndogenousDecomposition.ExecutedCausalNormalization	D	enforced	Proof-relevant normalization and exact target image produced by the executed role reduction
RelationalPerimeter.Computation.ConstitutiveSearch.EndogenousDecomposition.ExecutedRoleIndexedReduction	D	enforced	Causal reduction indexed by authoritative role atoms actions and preservation
RelationalPerimeter.Computation.ConstitutiveSearch.EndogenousDecomposition.ExtensionalOperationalStability	A3	enforced	Legacy integrated extensional-stability diagnostic compatibility surface
RelationalPerimeter.Computation.ConstitutiveSearch.EndogenousDecomposition.GeneratedHistoryExecution	Q	enforced	Legacy quantitatively instrumented execution of generated histories
RelationalPerimeter.Computation.ConstitutiveSearch.EndogenousDecomposition.GenericConcreteRefinement	A2	enforced	Legacy integrated concrete-refinement compatibility surface
RelationalPerimeter.Computation.ConstitutiveSearch.EndogenousDecomposition.GenericConstitutiveTraversal	A1	enforced	Legacy integrated traversal compatibility surface over the concrete interface
RelationalPerimeter.Computation.ConstitutiveSearch.EndogenousDecomposition.IndependentProfileAddressing	A3	enforced	Legacy concrete addressing compatibility surface over the integrated reduction carrier
RelationalPerimeter.Computation.ConstitutiveSearch.EndogenousDecomposition.IntegratedProjection	N	enforced	Integrated projection and separator
RelationalPerimeter.Computation.ConstitutiveSearch.EndogenousDecomposition.InstrumentedExecutionRealization	A4	enforced	Exact erasure of the public instrumented history into the causal role architecture
RelationalPerimeter.Computation.ConstitutiveSearch.EndogenousDecomposition.MeasuredAccounting	A4	enforced	Terminal assembly of the public run with global measured accounting
RelationalPerimeter.Computation.ConstitutiveSearch.EndogenousDecomposition.MeasuredAssignment	Q	enforced	Quantitatively instrumented assignment compatibility surface
RelationalPerimeter.Computation.ConstitutiveSearch.EndogenousDecomposition.MeasuredAssignmentBounds	Q	enforced	Bounds for instrumented assignment
RelationalPerimeter.Computation.ConstitutiveSearch.EndogenousDecomposition.MeasuredComparison	M	enforced	Instrumented comparison
RelationalPerimeter.Computation.ConstitutiveSearch.EndogenousDecomposition.MeasuredComparisonBounds	Q	enforced	Bounds for instrumented comparison
RelationalPerimeter.Computation.ConstitutiveSearch.EndogenousDecomposition.MeasuredDiscovery	Q	enforced	Quantitatively bounded instrumented discovery compatibility surface
RelationalPerimeter.Computation.ConstitutiveSearch.EndogenousDecomposition.MeasuredDiscoveryBounds	Q	enforced	Bounds for instrumented discovery
RelationalPerimeter.Computation.ConstitutiveSearch.EndogenousDecomposition.MeasuredGeneration	Q	enforced	Quantitatively instrumented generation compatibility surface
RelationalPerimeter.Computation.ConstitutiveSearch.EndogenousDecomposition.MeasuredRealization	M	enforced	Instrumented realization
RelationalPerimeter.Computation.ConstitutiveSearch.EndogenousDecomposition.MeasuredStateConstruction	M	enforced	Instrumented state construction
RelationalPerimeter.Computation.ConstitutiveSearch.EndogenousDecomposition.MeasuredTransformation	M	enforced	Instrumented transformation
RelationalPerimeter.Computation.ConstitutiveSearch.EndogenousDecomposition.PrefixLocalOperationalProduction	D	enforced	Operational production typed only by the already executed stage
RelationalPerimeter.Computation.ConstitutiveSearch.EndogenousDecomposition.OperationalProjection	N	enforced	Operational projection diagnostic
RelationalPerimeter.Computation.ConstitutiveSearch.EndogenousDecomposition.RelationalConstitutiveRoles	R	enforced	Relational constitutive roles read exactly from causal execution
RelationalPerimeter.Computation.ConstitutiveSearch.EndogenousDecomposition.PublicRelationalExtensiveFamily	A6	enforced	Public executed instance of the general relational extensive family and role-indexed program
RelationalPerimeter.Computation.ConstitutiveSearch.EndogenousDecomposition.RoleIndexedProfiles	X	enforced	Extensive occurrence profiles generated from the authoritative relational role history
RelationalPerimeter.Computation.ConstitutiveSearch.EndogenousDecomposition.RoleProfileArityTransport	Q	enforced	Exact downstream transport from constituted occurrence profiles to numerical arity profiles
RelationalPerimeter.Computation.ConstitutiveSearch.EndogenousDecomposition.RoleIndexedProgram	P	enforced	Authoritative program indexed by relational roles and consuming constituted occurrence profiles
RelationalPerimeter.Computation.ConstitutiveSearch.EndogenousDecomposition.RolewiseObligationPolicy	D	enforced	Local role policies global carry and local-global injectivity equivalence
RelationalPerimeter.Computation.ConstitutiveSearch.EndogenousDecomposition.RolewiseObligationRegime	D	enforced	Obligation regimes and the exponential iff over role-constituted identities
RelationalPerimeter.Computation.ConstitutiveSearch.EndogenousDecomposition.SequentialHistory	Q	enforced	Quantitatively instrumented legacy dependent history
RelationalPerimeter.Computation.ConstitutiveSearch.EndogenousDecomposition.SequentialResolution	Q	enforced	Quantitatively instrumented legacy sequential execution and polynomial account
RelationalPerimeter.Computation.ConstitutiveSearch.EndogenousDecomposition.StoredLocalSchedule	Q	enforced	Quantitatively instrumented stored local schedule over legacy discovery
RelationalPerimeter.Computation.ConstitutiveSearch.FiniteExtensiveAddressing	K	enforced	Constructive finite carriers regimes exact widths and factorized addressing
RelationalPerimeter.Computation.ConstitutiveSearch.RelationalRoleExtensiveFamily	D	enforced	General unbounded dependent relational extensive families and their regime equivalences
RelationalPerimeter.Computation.ConstitutiveSearch.FrontierReduction	G	enforced	Generic frontier reduction
RelationalPerimeter.Computation.ConstitutiveSearch.IrreducibleFrontier	G	enforced	Generic irreducible frontier
RelationalPerimeter.Computation.ConstitutiveSearch.LocalSearchableCodeExecution	G	enforced	Local execution of searchable codes
RelationalPerimeter.Computation.ConstitutiveSearch.MachineCostInterface	Q	enforced	Generic machine-cost interface
RelationalPerimeter.Computation.ConstitutiveSearch.OperationalFrontierStatus	G	enforced	Generic operational frontier status
RelationalPerimeter.Computation.ConstitutiveSearch.PolynomialCostEnvelope	Q	enforced	Constructive polynomial envelopes
RelationalPerimeter.Computation.ConstitutiveSearch.RelationalProfileConstitution	X	enforced	Primitive relational openings, exact position-occurrence transport, dependent profiles and structural width readout
RelationalPerimeter.Computation.ConstitutiveSearch.RelationalProfileFiniteCarrier	D	enforced	Unique downstream packaging of the constituted relational profile frontier as a finite carrier
RelationalPerimeter.Computation.ConstitutiveSearch.RelationalTransport	G	enforced	Generic relational transport and search
RelationalPerimeter.Computation.ConstitutiveSearch.RepresentationCost	Q	enforced	Representation-cost accounting
RelationalPerimeter.Computation.ConstitutiveSearch.SAT.AcceptedBinaryBranch	S	enforced	Accepted SAT binary branch
RelationalPerimeter.Computation.ConstitutiveSearch.SAT.AcceptedSAT	S	enforced	Accepted SAT semantics
RelationalPerimeter.Computation.ConstitutiveSearch.SAT.BinaryBranch	S	enforced	SAT binary branch
RelationalPerimeter.Computation.ConstitutiveSearch.SAT.ConstraintTransport	S	enforced	SAT constraint transport
RelationalPerimeter.Computation.ConstitutiveSearch.SAT.ExplicitFamilyBitComplexity	Q	enforced	Explicit-family bit complexity
RelationalPerimeter.Computation.ConstitutiveSearch.SAT.ExplicitFamilyBitCosts	Q	enforced	Explicit-family bit costs
RelationalPerimeter.Computation.ConstitutiveSearch.SAT.ExplicitFamilyComplexity	Q	enforced	Explicit-family complexity synthesis
RelationalPerimeter.Computation.ConstitutiveSearch.SAT.ExplicitFamilyCosts	Q	enforced	Explicit-family structural costs
RelationalPerimeter.Computation.ConstitutiveSearch.SAT.ExplicitFamilyEqualityCosts	Q	enforced	Explicit-family equality costs
RelationalPerimeter.Computation.ConstitutiveSearch.SAT.ExplicitFamilyInputComplexity	Q	enforced	Explicit-family input complexity
RelationalPerimeter.Computation.ConstitutiveSearch.SAT.ExplicitFamilyNormalizationCosts	Q	enforced	Explicit-family normalization costs
RelationalPerimeter.Computation.ConstitutiveSearch.SAT.ExplicitFamilyPolynomialCosts	Q	enforced	Explicit-family polynomial costs
RelationalPerimeter.Computation.ConstitutiveSearch.SAT.ExplicitFamilyProvenance	Q	enforced	Explicit-family provenance readout
RelationalPerimeter.Computation.ConstitutiveSearch.SAT.ExplicitFamilyRelationCosts	Q	enforced	Explicit-family relation-search costs
RelationalPerimeter.Computation.ConstitutiveSearch.SAT.ExplicitFamilyResources	Q	enforced	Explicit-family resource readout
RelationalPerimeter.Computation.ConstitutiveSearch.SAT.ExplicitFamilyTransportCosts	Q	enforced	Mixed structural flip witness and transport costs
RelationalPerimeter.Computation.ConstitutiveSearch.SAT.ExplicitStackedSymmetricFamily	S	enforced	Explicit stacked symmetric SAT family
RelationalPerimeter.Computation.ConstitutiveSearch.SAT.GeneratedStructuralContext	S	enforced	Generated SAT structural context
RelationalPerimeter.Computation.ConstitutiveSearch.SAT.GrowingDiscoveryFamily	S	enforced	Structural formulas and generated roots for growing discovery
RelationalPerimeter.Computation.ConstitutiveSearch.SAT.GrowingDiscoveryBenchmark	Q	enforced	Quantitative growing-discovery benchmark over the semantic family core
RelationalPerimeter.Computation.ConstitutiveSearch.SAT.ParametricSymmetricFamily	S	enforced	Parametric symmetric SAT family
RelationalPerimeter.Computation.ConstitutiveSearch.SAT.ParametricSymmetricTrajectory	S	enforced	Parametric symmetric trajectory
RelationalPerimeter.Computation.ConstitutiveSearch.SAT.ResidualFlipTransport	S	enforced	Residual flip transport
RelationalPerimeter.Computation.ConstitutiveSearch.SAT.RestrictionTransport	S	enforced	Restriction transport
RelationalPerimeter.Computation.ConstitutiveSearch.SAT.SecondAuditCausalBenchmark	Q	enforced	Legacy quantitative discovery benchmark and causal regression surface
RelationalPerimeter.Computation.ConstitutiveSearch.SAT.StructuralBranchContext	S	enforced	SAT structural branch context
RelationalPerimeter.Computation.ConstitutiveSearch.SAT.StructuralGlobalContextRelation	S	enforced	SAT structural global-context relation
RelationalPerimeter.Computation.ConstitutiveSearch.SAT.StructuralProgress	S	enforced	SAT structural progress
RelationalPerimeter.Computation.ConstitutiveSearch.SAT.TrajectoryConstitutedLocalSchedule	Q	enforced	Explicit-family quantitative facade over the semantic local-schedule core
RelationalPerimeter.Computation.ConstitutiveSearch.SAT.TrajectoryConstitutedLocalScheduleCore	S	enforced	Generic local schedule with executable validation and execution
RelationalPerimeter.Computation.ConstitutiveSearch.SAT.TrajectoryDerivedClosure	Q	enforced	Explicit-family quantitative facade over trajectory-derived closure
RelationalPerimeter.Computation.ConstitutiveSearch.SAT.TrajectoryDerivedClosureCore	S	enforced	Generic closure reconstructed from a proof-relevant trajectory
RelationalPerimeter.Computation.ConstitutiveSearch.SearchableTransportCode	G	enforced	Searchability of transport codes
RelationalPerimeter.Computation.ConstitutiveSearch.SearchableTransportCodeValidation	Q	enforced	Polynomial validation budget facade
RelationalPerimeter.Computation.ConstitutiveSearch.SearchableTransportCodeValidationCore	G	enforced	Executable validation and semantic exactness
RelationalPerimeter.Computation.ConstitutiveSearch.SearchSystem	G	enforced	Generic search system
RelationalPerimeter.Computation.ConstitutiveSearch.SequentialPrimitiveExecution	G	enforced	Sequential primitive execution
RelationalPerimeter.Computation.ConstitutiveSearch.TransportClosure	G	enforced	Generic transport closure
RelationalPerimeter.Computation.ConstitutiveSearch.TransportCode	G	enforced	Generic transport-code syntax and semantics
RelationalPerimeter.Computation.EndogenousOperationalDecomposition	A8	enforced	Public computational facade
RelationalPerimeter.Computation.ConstitutiveSearch.SemanticImage	G	enforced	Generic semantic specification and consumer of image obligations
RelationalPerimeter.Computation.ConstitutiveSearch.EndogenousDecomposition.RoleProfileSemantics	D	enforced	Total action, preservation, and constitutive agreements on the authoritative occurrence profiles
RelationalPerimeter.Computation.ConstitutiveSearch.EndogenousDecomposition.ExecutedFeedbackBridge	A6	enforced	Existing endogenous step proofs and transient frontier trace on the authoritative fused history
RelationalPerimeter.Computation.ConstitutiveSearch.EndogenousDecomposition.RolewiseOperationalStatus	D	enforced	Local preserving status and mixed-policy exact finite images on the authoritative profiles
